{
  "project_info": {
    "project_number": "817067858365",
    "project_id": "clinick-clinicatoneclick",
    "storage_bucket": "clinick-clinicatoneclick.appspot.com"
  },
  "client": [
    {
      "client_info": {
        "mobilesdk_app_id": "1:817067858365:android:ef95c3cdb5d62e376a5ad4",
        "android_client_info": {
          "package_name": "com.clinicatoneclick.clinick"
        }
      },
      "oauth_client": [
        {
          "client_id": "817067858365-cu2tr7t6ntqiu3eoc133eachio6crog6.apps.googleusercontent.com",
          "client_type": 1,
          "android_info": {
            "package_name": "com.clinicatoneclick.clinick",
            "certificate_hash": "cf7b9073e2e18f17b15242d31f1734955ec139ee"
          }
        },
        {
          "client_id": "817067858365-f1fdcoj99r67uaqu86tnq052fjnhpgtr.apps.googleusercontent.com",
          "client_type": 1,
          "android_info": {
            "package_name": "com.clinicatoneclick.clinick",
            "certificate_hash": "f696ab78a5114b61930f88a41a4468ba80ee1e3f"
          }
        },
        {
          "client_id": "817067858365-9lks3psg5vk13i7h3p0shb0r6ku9h89t.apps.googleusercontent.com",
          "client_type": 3
        }
      ],
      "api_key": [
        {
          "current_key": "AIzaSyBJZTzt50NFrc7TtADAGMcUq2J47Jj9lb4"
        }
      ],
      "services": {
        "appinvite_service": {
          "other_platform_oauth_client": [
            {
              "client_id": "817067858365-9lks3psg5vk13i7h3p0shb0r6ku9h89t.apps.googleusercontent.com",
              "client_type": 3
            }
          ]
        }
      }
    },
    {
      "client_info": {
        "mobilesdk_app_id": "1:817067858365:android:93a6ad2fbab76d106a5ad4",
        "android_client_info": {
          "package_name": "com.clinickatoneclick.clinickscanner"
        }
      },
      "oauth_client": [
        {
          "client_id": "817067858365-9lks3psg5vk13i7h3p0shb0r6ku9h89t.apps.googleusercontent.com",
          "client_type": 3
        }
      ],
      "api_key": [
        {
          "current_key": "AIzaSyBJZTzt50NFrc7TtADAGMcUq2J47Jj9lb4"
        }
      ],
      "services": {
        "appinvite_service": {
          "other_platform_oauth_client": [
            {
              "client_id": "817067858365-9lks3psg5vk13i7h3p0shb0r6ku9h89t.apps.googleusercontent.com",
              "client_type": 3
            }
          ]
        }
      }
    }
  ],
  "configuration_version": "1"
}